Product,Category,Current Stock,Sales per Day,Restock Time (days)
Smartphone,Electronics,12,4.800653474179488,9
Laptop,Electronics,39,2.854081435203679,3
Headset,Electronics,45,2.440936722687886,3
Mouse,Electronics,31,1.0972210877868132,4
Keyboard,Electronics,29,3.5191110347158623,10
Shirt,Clothes,27,1.1728792878058545,11
Jeans,Clothes,7,1.6633252841102415,12
Shoes,Clothes,14,2.6908047289582653,4
Watch,Accessory,30,3.3527557627874898,5
Purse,Clothes,35,3.0096350184496328,11
